{
  "fused_intention_scores": {
    "fid": 384,
    "ts": 1517156256483,
    "count": 1,
    "data": [
      {
        "obj_id": 19,
        "obj_class": 4,
        "fused_crossing_score": 0.6,
        "state": "walking",
        "motion_parameters": {
          "x": -3.094799428831818,
          "y": 12.854062902699994,
          "vel_x": -0.06678431346821567,
          "vel_y": -2.339552288133466
        },
        "motion_prediction": {
          "x": -3.094799428831818,
          "y": 16.854062902699994,
          "vel_x": -0.06678431346821567,
          "vel_y": -2.339552288133466
        }
      }
    ]
  }
}